Datetime,Water Level (m)
2025-03-09 12:00:00,0.012759746
2025-03-09 13:00:00,-0.022705821
2025-03-09 14:00:00,-0.04269911
2025-03-09 15:00:00,-0.047644984
2025-03-09 16:00:00,-0.077156834
2025-03-09 17:00:00,-0.11599002
2025-03-09 18:00:00,-0.14603159
2025-03-09 19:00:00,-0.1477712
2025-03-09 20:00:00,-0.08514249
2025-03-09 21:00:00,0.014690904
2025-03-09 22:00:00,0.072114944
2025-03-09 23:00:00,0.12051959
2025-03-10 00:00:00,0.17709266
2025-03-10 01:00:00,0.20072737
2025-03-10 02:00:00,0.15278843
2025-03-10 03:00:00,0.10999721
2025-03-10 04:00:00,0.08658716
2025-03-10 05:00:00,0.04709637
2025-03-10 06:00:00,0.0011957277
2025-03-10 07:00:00,-0.04014938
2025-03-10 08:00:00,-0.075988725
2025-03-10 09:00:00,-0.09320484
2025-03-10 10:00:00,-0.051738948
2025-03-10 11:00:00,0.042309623
2025-03-10 12:00:00,0.09032043
2025-03-10 13:00:00,0.092173696
2025-03-10 14:00:00,0.07144824
2025-03-10 15:00:00,0.0405977
2025-03-10 16:00:00,0.027226945
2025-03-10 17:00:00,-0.0051672785
2025-03-10 18:00:00,-0.048875075
2025-03-10 19:00:00,-0.08821174
2025-03-10 20:00:00,-0.1146416
2025-03-10 21:00:00,-0.07947091
2025-03-10 22:00:00,0.045310326
2025-03-10 23:00:00,0.12154231
2025-03-11 00:00:00,0.1604923
2025-03-11 01:00:00,0.21083619
2025-03-11 02:00:00,0.23526351
2025-03-11 03:00:00,0.19032514
2025-03-11 04:00:00,0.14739437
2025-03-11 05:00:00,0.12095592
2025-03-11 06:00:00,0.07966665
2025-03-11 07:00:00,0.033141293
2025-03-11 08:00:00,-0.00930372
2025-03-11 09:00:00,-0.04342995
2025-03-11 10:00:00,-0.034880996
2025-03-11 11:00:00,0.06849376
2025-03-11 12:00:00,0.15665883
2025-03-11 13:00:00,0.18211946
2025-03-11 14:00:00,0.20002724
2025-03-11 15:00:00,0.17583929
2025-03-11 16:00:00,0.13346285
2025-03-11 17:00:00,0.11181509
2025-03-11 18:00:00,0.07631906
2025-03-11 19:00:00,0.03455465
2025-03-11 20:00:00,-0.0077303643
2025-03-11 21:00:00,-0.031731315
2025-03-11 22:00:00,0.026964627
2025-03-11 23:00:00,0.15557744
2025-03-12 00:00:00,0.22050354
2025-03-12 01:00:00,0.26226383
2025-03-12 02:00:00,0.31047875
2025-03-12 03:00:00,0.3152288
2025-03-12 04:00:00,0.25526616
2025-03-12 05:00:00,0.21841998
2025-03-12 06:00:00,0.18818985
2025-03-12 07:00:00,0.1423824
2025-03-12 08:00:00,0.09231688
2025-03-12 09:00:00,0.046643745
2025-03-12 10:00:00,0.024705349
2025-03-12 11:00:00,0.107355915
2025-03-12 12:00:00,0.23147097
2025-03-12 13:00:00,0.27714807
2025-03-12 14:00:00,0.31190783
2025-03-12 15:00:00,0.33836445
2025-03-12 16:00:00,0.30729
2025-03-12 17:00:00,0.25448367
2025-03-12 18:00:00,0.22680318
2025-03-12 19:00:00,0.18470478
2025-03-12 20:00:00,0.13394137
2025-03-12 21:00:00,0.0918607
2025-03-12 22:00:00,0.09722553
2025-03-12 23:00:00,0.22891448
2025-03-13 00:00:00,0.32605925
2025-03-13 01:00:00,0.36486268
2025-03-13 02:00:00,0.4204626
2025-03-13 03:00:00,0.45892122
2025-03-13 04:00:00,0.43174008
2025-03-13 05:00:00,0.37423638
2025-03-13 06:00:00,0.3393282
2025-03-13 07:00:00,0.29730856
2025-03-13 08:00:00,0.24352962
2025-03-13 09:00:00,0.19228503
2025-03-13 10:00:00,0.15674573
2025-03-13 11:00:00,0.20520476
2025-03-13 12:00:00,0.34813756
2025-03-13 13:00:00,0.41054952
2025-03-13 14:00:00,0.43909088
2025-03-13 15:00:00,0.48153916
2025-03-13 16:00:00,0.48109162
2025-03-13 17:00:00,0.4204427
2025-03-13 18:00:00,0.37926048
2025-03-13 19:00:00,0.34157684
2025-03-13 20:00:00,0.28683174
2025-03-13 21:00:00,0.23052444
2025-03-13 22:00:00,0.1911576
2025-03-13 23:00:00,0.25642744
2025-03-14 00:00:00,0.3956065
2025-03-14 01:00:00,0.45890653
2025-03-14 02:00:00,0.5001351
2025-03-14 03:00:00,0.5491534
2025-03-14 04:00:00,0.5535652
2025-03-14 05:00:00,0.49121803
2025-03-14 06:00:00,0.4467077
2025-03-14 07:00:00,0.40821296
2025-03-14 08:00:00,0.3568131
2025-03-14 09:00:00,0.30101505
2025-03-14 10:00:00,0.2538734
2025-03-14 11:00:00,0.24714011
2025-03-14 12:00:00,0.38033798
2025-03-14 13:00:00,0.4729286
2025-03-14 14:00:00,0.49929813
2025-03-14 15:00:00,0.5475957
2025-03-14 16:00:00,0.57560855
2025-03-14 17:00:00,0.52524203
2025-03-14 18:00:00,0.46823505
2025-03-14 19:00:00,0.42523074
2025-03-14 20:00:00,0.37154114
2025-03-14 21:00:00,0.3131769
2025-03-14 22:00:00,0.26187363
2025-03-14 23:00:00,0.25305703
2025-03-15 00:00:00,0.3821372
2025-03-15 01:00:00,0.48731482
2025-03-15 02:00:00,0.52101845
2025-03-15 03:00:00,0.5657141
2025-03-15 04:00:00,0.5928404
2025-03-15 05:00:00,0.5537277
2025-03-15 06:00:00,0.49797365
2025-03-15 07:00:00,0.46017537
2025-03-15 08:00:00,0.41187397
2025-03-15 09:00:00,0.35851458
2025-03-15 10:00:00,0.30985063
2025-03-15 11:00:00,0.27518186
2025-03-15 12:00:00,0.35201758
